Algorithm,Parameters,Silhouette,Calinski,DaviesBouldin,Score
DBSCAN,"{'eps': 0.5, 'min_samples': 30}",0.4170391,36617.66444114191,1.4366795521704705,2.6421259882991586
GMM,"{'n_components': 3, 'covariance_type': 'tied'}",0.59738094,110951.6870097593,0.7020535296985213,10.990496107423192
KMeans,{'n_clusters': 3},0.5989842,112036.06554550857,0.6972955296194573,11.10529520681235
